0.0;24.51;0.0
0.1;24.51;100.0
0.2;24.51;0.0
0.3;24.51;0.0
0.4;24.51;0.0
0.5;24.51;0.0
0.6;24.51;0.0
0.7;24.51;0.0
0.8;24.51;100.0
0.9;24.51;0.0
1.0;24.51;0.0
1.1;24.51;0.0
1.2;24.51;0.0
1.3;24.51;0.0
1.4;24.51;0.0
1.5;24.51;100.0
1.6;24.51;0.0
1.7;24.51;0.0
1.8;24.51;0.0
1.9;24.51;0.0
2.0;24.51;0.0
2.1;24.51;0.0
2.2;24.51;100.0
2.3;24.51;0.0
2.4;24.51;0.0
2.5;24.51;0.0
2.6;24.51;0.0
2.7;24.51;0.0
2.8;24.51;0.0
2.9;0.00;100.0
3.0;5.60;0.0
3.1;13.38;0.0
3.2;26.20;0.0
3.3;70.51;0.0
3.4;89.12;0.0
3.5;67.28;0.0
3.6;66.30;100.0
3.7;65.38;0.0
3.8;65.08;0.0
3.9;65.18;0.0
4.0;65.31;0.0
4.1;65.23;0.0
4.2;65.24;0.0
4.3;65.10;100.0
4.4;65.10;0.0
4.5;65.10;0.0
4.6;65.08;0.0
4.7;65.14;0.0
4.8;65.09;0.0
4.9;65.06;0.0
5.0;65.06;100.0
5.1;65.05;0.0
5.2;65.07;0.0
5.3;65.07;0.0
5.4;65.10;0.0
5.5;65.12;0.0
5.6;65.13;0.0
5.7;65.12;100.0
5.8;65.12;0.0
5.9;65.14;0.0
6.0;65.14;0.0
6.1;65.13;0.0
6.2;65.13;0.0
6.3;65.16;0.0
6.4;65.18;100.0
6.5;65.20;0.0
6.6;65.21;0.0
6.7;65.21;0.0
6.8;65.21;0.0
6.9;64.55;0.0
7.0;63.59;0.0
7.1;63.63;100.0
7.2;66.09;0.0
7.3;65.95;0.0
7.4;65.84;0.0
7.5;66.04;0.0
7.6;66.00;0.0
7.7;66.27;0.0
7.8;66.46;100.0
7.9;66.52;0.0
8.0;66.60;0.0
8.1;66.57;0.0
8.2;66.67;0.0
8.3;66.82;0.0
8.4;66.84;0.0
8.5;66.85;0.0
8.6;66.88;100.0
8.7;66.89;0.0
8.8;66.90;0.0
8.9;66.98;0.0
9.0;66.92;0.0
9.1;66.94;0.0
9.2;66.93;0.0
9.3;66.66;100.0
9.4;66.30;0.0
9.5;66.30;0.0
9.6;66.33;0.0
9.7;66.34;0.0
9.8;66.35;0.0
9.9;66.35;0.0
10.0;66.36;100.0
10.1;66.38;0.0
10.2;66.38;0.0
10.3;66.37;0.0
10.4;66.38;0.0
10.5;66.42;0.0
10.6;66.46;0.0
10.7;66.49;100.0
10.8;66.51;0.0
10.9;66.52;0.0
11.0;66.52;0.0
11.1;66.51;0.0
11.2;66.51;0.0
11.3;66.52;0.0
11.4;66.52;100.0
11.5;66.52;0.0
11.6;66.52;0.0
11.7;66.52;0.0
11.8;66.53;0.0
11.9;66.55;0.0
12.0;66.62;0.0
12.1;66.66;100.0
12.2;66.67;0.0
12.3;66.68;0.0
12.4;66.63;0.0
12.5;66.63;0.0
12.6;66.55;0.0
12.7;66.85;0.0
12.8;67.26;100.0
12.9;67.34;0.0
13.0;67.33;0.0
13.1;67.34;0.0
13.2;67.33;0.0
13.3;67.34;0.0
13.4;67.35;0.0
13.5;67.34;100.0
13.6;67.35;0.0
13.7;67.35;0.0
13.8;67.34;0.0
13.9;67.35;0.0
14.0;67.37;0.0
14.1;67.38;0.0
14.2;67.38;100.0
14.3;67.38;0.0
14.4;67.38;0.0
14.5;67.38;0.0
14.6;67.38;0.0
14.7;67.35;0.0
14.8;67.34;0.0
14.9;67.16;100.0
15.0;66.93;0.0
15.1;66.79;0.0
15.2;66.80;0.0
15.3;66.80;0.0
15.4;66.76;0.0
15.5;66.71;0.0
15.6;66.70;100.0
15.7;66.69;0.0
15.8;66.68;0.0
15.9;66.68;0.0
16.0;66.67;0.0
16.1;66.58;0.0
16.2;66.59;0.0
16.3;66.60;100.0
16.4;66.59;0.0
16.5;66.60;0.0
16.6;66.59;0.0
16.7;66.59;0.0
16.8;66.55;0.0
16.9;66.53;0.0
17.0;66.52;100.0
17.1;66.52;0.0
17.2;66.51;0.0
17.3;66.50;0.0
17.4;66.50;0.0
17.5;66.51;0.0
17.6;66.56;0.0
17.7;66.63;100.0
17.8;66.64;0.0
17.9;66.65;0.0
18.0;66.65;0.0
18.1;66.66;0.0
18.2;66.51;0.0
18.3;66.64;0.0
18.4;67.03;100.0
18.5;67.30;0.0
18.6;67.30;0.0
18.7;67.28;0.0
18.8;67.27;0.0
18.9;67.28;0.0
19.0;67.28;0.0
19.1;67.30;100.0
19.2;67.30;0.0
19.3;67.30;0.0
19.4;67.30;0.0
19.5;67.30;0.0
19.6;67.32;0.0
19.7;67.33;0.0
19.8;67.33;100.0
19.9;67.33;0.0
20.0;67.33;0.0
20.1;67.32;0.0
20.2;67.35;0.0
20.3;67.26;0.0
20.4;67.21;0.0
20.5;67.16;100.0
20.6;66.97;0.0
20.7;66.77;0.0
20.8;66.76;0.0
20.9;66.77;0.0
21.0;66.75;0.0
21.1;66.71;0.0
21.2;66.70;100.0
21.3;66.70;0.0
21.4;66.70;0.0
21.5;66.70;0.0
21.6;66.69;0.0
21.7;66.66;0.0
21.8;66.63;0.0
21.9;66.65;100.0
22.0;66.66;0.0
22.1;66.66;0.0
22.2;66.67;0.0
22.3;66.66;0.0
22.4;66.64;0.0
22.5;66.62;0.0
22.6;66.61;0.0
22.7;66.61;100.0
22.8;66.62;0.0
22.9;66.61;0.0
23.0;66.61;0.0
23.1;66.61;0.0
23.2;66.64;0.0
23.3;66.72;0.0
23.4;66.75;100.0
23.5;66.76;0.0
23.6;66.76;0.0
23.7;66.74;0.0
23.8;66.75;0.0
23.9;66.75;0.0
24.0;66.97;0.0
24.1;67.25;100.0
24.2;67.29;0.0
24.3;67.29;0.0
24.4;67.28;0.0
24.5;67.28;0.0
24.6;67.28;0.0
24.7;67.29;0.0
24.8;67.29;100.0
24.9;67.29;0.0
25.0;67.29;0.0
25.1;67.29;0.0
25.2;67.29;0.0
25.3;67.31;0.0
25.4;67.31;0.0
25.5;67.30;100.0
25.6;67.30;0.0
25.7;67.30;0.0
25.8;67.30;0.0
25.9;67.31;0.0
26.0;67.29;0.0
26.1;67.29;0.0
26.2;67.18;100.0
26.3;67.03;0.0
26.4;66.96;0.0
26.5;67.00;0.0
26.6;67.01;0.0
26.7;67.00;0.0
26.8;66.98;0.0
26.9;66.98;100.0
27.0;66.97;0.0
27.1;66.97;0.0
27.2;66.97;0.0
27.3;66.96;0.0
27.4;66.90;0.0
27.5;66.87;0.0
27.6;66.85;100.0
27.7;66.86;0.0
27.8;66.85;0.0
27.9;66.84;0.0
28.0;66.83;0.0
28.1;66.77;0.0
28.2;66.74;0.0
28.3;66.73;100.0
28.4;66.72;0.0
28.5;66.73;0.0
28.6;66.71;0.0
28.7;66.72;0.0
28.8;66.73;0.0
28.9;66.75;0.0
29.0;66.78;100.0
29.1;66.78;0.0
29.2;66.79;0.0
29.3;66.80;0.0
29.4;66.82;0.0
29.5;66.77;0.0
29.6;66.94;0.0
29.7;67.24;100.0
29.8;67.44;0.0
29.9;67.38;0.0
30.0;67.35;0.0
30.1;67.36;0.0
30.2;67.35;0.0
30.3;67.39;0.0
30.4;67.42;100.0
30.5;67.42;0.0
30.6;67.44;0.0
30.7;67.43;0.0
30.8;67.41;0.0
30.9;67.44;0.0
31.0;67.42;0.0
31.1;67.43;100.0
31.2;67.45;0.0
31.3;67.45;0.0
31.4;67.48;0.0
31.5;67.53;0.0
31.6;67.42;0.0
31.7;67.33;0.0
31.8;67.25;100.0
31.9;67.09;0.0
32.0;66.91;0.0
32.1;66.94;0.0
32.2;66.97;0.0
32.3;66.97;0.0
32.4;66.99;0.0
32.5;66.98;100.0
32.6;66.98;0.0
32.7;67.00;0.0
32.8;67.04;0.0
32.9;67.04;0.0
33.0;67.05;0.0
33.1;67.09;0.0
33.2;67.13;100.0
33.3;67.17;0.0
33.4;67.19;0.0
33.5;67.19;0.0
33.6;67.19;0.0
33.7;67.17;0.0
33.8;67.15;0.0
33.9;67.14;0.0
34.0;67.14;100.0
34.1;67.13;0.0
34.2;67.14;0.0
34.3;67.13;0.0
34.4;67.13;0.0
34.5;67.14;0.0
34.6;67.18;0.0
34.7;67.20;100.0
34.8;67.19;0.0
34.9;67.18;0.0
35.0;67.21;0.0
35.1;67.28;0.0
35.2;67.32;0.0
35.3;67.46;0.0
35.4;67.61;100.0
35.5;67.61;0.0
35.6;67.59;0.0
35.7;67.59;0.0
35.8;67.59;0.0
35.9;67.59;0.0
36.0;67.59;0.0
36.1;67.57;100.0
36.2;67.54;0.0
36.3;67.51;0.0
36.4;67.51;0.0
36.5;67.49;0.0
36.6;67.48;0.0
36.7;67.48;0.0
36.8;67.48;100.0
36.9;67.48;0.0
37.0;67.50;0.0
37.1;67.51;0.0
37.2;67.50;0.0
37.3;67.50;0.0
37.4;67.51;0.0
37.5;67.52;100.0
37.6;67.53;0.0
37.7;67.53;0.0
37.8;67.55;0.0
37.9;67.59;0.0
38.0;67.58;0.0
38.1;67.59;0.0
38.2;67.58;100.0
38.3;67.58;0.0
38.4;67.58;0.0
38.5;67.58;0.0
38.6;67.57;0.0
38.7;67.56;0.0
38.8;67.54;0.0
38.9;67.55;100.0
39.0;67.56;0.0
39.1;67.57;0.0
39.2;67.59;0.0
39.3;67.61;0.0
39.4;67.63;0.0
39.5;67.64;0.0
39.6;67.64;100.0
39.7;67.67;0.0
39.8;67.66;0.0
39.9;67.69;0.0
40.0;67.68;0.0
40.1;67.69;0.0
40.2;67.70;0.0
40.3;67.68;100.0
40.4;67.67;0.0
40.5;67.66;0.0
40.6;67.66;0.0
40.7;67.69;0.0
40.8;67.69;0.0
40.9;67.62;0.0
41.0;67.60;100.0
41.1;67.60;0.0
41.2;67.57;0.0
41.3;67.57;0.0
41.4;67.55;0.0
41.5;67.57;0.0
41.6;67.59;0.0
41.7;67.59;100.0
41.8;67.60;0.0
41.9;67.59;0.0
42.0;67.60;0.0
42.1;67.59;0.0
42.2;67.71;0.0
42.3;67.67;0.0
42.4;67.64;100.0
42.5;67.62;0.0
42.6;67.59;0.0
42.7;67.58;0.0
42.8;67.55;0.0
42.9;67.54;0.0
43.0;67.53;0.0
43.1;67.51;100.0
43.2;67.52;0.0
43.3;67.48;0.0
43.4;67.48;0.0
43.5;67.42;0.0
43.6;67.40;0.0
43.7;67.39;0.0
43.8;67.35;100.0
43.9;67.34;0.0
44.0;67.30;0.0
44.1;67.31;0.0
44.2;67.29;0.0
44.3;67.29;0.0
44.4;67.30;0.0
44.5;67.30;100.0
44.6;67.32;0.0
44.7;67.28;0.0
44.8;67.29;0.0
44.9;67.26;0.0
45.0;67.25;0.0
45.1;67.25;0.0
45.2;67.24;100.0
45.3;67.24;0.0
45.4;67.22;0.0
45.5;67.23;0.0
45.6;67.20;0.0
45.7;67.22;0.0
45.8;67.23;0.0
45.9;67.24;0.0
46.0;67.24;100.0
46.1;67.24;0.0
46.2;67.25;0.0
46.3;67.23;0.0
46.4;67.21;0.0
46.5;67.23;0.0
46.6;67.23;0.0
46.7;67.25;100.0
46.8;67.26;0.0
46.9;67.29;0.0
47.0;67.30;0.0
47.1;67.30;0.0
47.2;67.31;0.0
47.3;67.31;0.0
47.4;67.32;100.0
47.5;67.31;0.0
47.6;67.32;0.0
47.7;67.31;0.0
47.8;67.30;0.0
47.9;67.30;0.0
48.0;67.29;0.0
48.1;67.30;100.0
48.2;67.31;0.0
48.3;67.32;0.0
48.4;67.32;0.0
48.5;67.27;0.0
48.6;67.30;0.0
48.7;67.29;0.0
48.8;67.19;100.0
48.9;67.06;0.0
49.0;67.05;0.0
49.1;66.98;0.0
49.2;66.87;0.0
49.3;66.72;0.0
49.4;66.73;0.0
49.5;66.75;100.0
49.6;66.74;0.0
49.7;66.73;0.0
49.8;66.73;0.0
49.9;66.70;0.0
50.0;66.68;0.0
50.1;66.67;0.0
50.2;66.65;100.0
50.3;66.62;0.0
50.4;66.65;0.0
50.5;66.64;0.0
50.6;66.49;0.0
50.7;66.33;0.0
50.8;66.29;0.0
50.9;66.26;100.0
51.0;66.20;0.0
51.1;66.14;0.0
51.2;66.06;0.0
51.3;65.99;0.0
51.4;65.87;0.0
51.5;65.64;0.0
51.6;65.33;100.0
51.7;65.53;0.0
51.8;65.62;0.0
51.9;65.58;0.0
52.0;65.57;0.0
52.1;65.44;0.0
52.2;65.59;0.0
52.3;65.92;100.0
52.4;66.00;0.0
52.5;65.96;0.0
52.6;66.15;0.0
52.7;66.43;0.0
52.8;66.39;0.0
52.9;66.32;0.0
53.0;66.32;100.0
53.1;66.36;0.0
53.2;66.36;0.0
53.3;66.35;0.0
53.4;66.35;0.0
53.5;66.36;0.0
53.6;66.37;0.0
53.7;66.42;100.0
53.8;66.38;0.0
53.9;66.31;0.0
54.0;66.53;0.0
54.1;66.85;0.0
54.2;66.84;0.0
54.3;66.88;0.0
54.4;66.68;100.0
54.5;66.39;0.0
54.6;66.10;0.0
54.7;65.82;0.0
54.8;65.44;0.0
54.9;65.44;0.0
55.0;65.60;0.0
55.1;65.45;100.0
55.2;65.50;0.0
55.3;65.13;0.0
55.4;64.79;0.0
55.5;64.16;0.0
55.6;64.00;0.0
55.7;63.79;0.0
55.8;63.79;100.0
55.9;63.80;0.0
56.0;63.79;0.0
56.1;63.81;0.0
56.2;63.96;0.0
56.3;63.73;0.0
56.4;63.70;0.0
56.5;63.84;100.0
56.6;63.88;0.0
56.7;63.86;0.0
56.8;64.54;0.0
56.9;64.60;0.0
57.0;64.34;0.0
57.1;64.23;0.0
57.2;64.41;100.0
57.3;64.52;0.0
57.4;64.55;0.0
57.5;64.71;0.0
57.6;64.68;0.0
57.7;64.50;0.0
57.8;64.43;0.0
57.9;64.67;0.0
58.0;64.99;100.0
58.1;65.31;0.0
58.2;65.72;0.0
58.3;65.85;0.0
58.4;65.88;0.0
58.5;65.85;0.0
58.6;65.79;0.0
58.7;65.79;100.0
58.8;65.80;0.0
58.9;65.80;0.0
59.0;65.79;0.0
59.1;65.79;0.0
59.2;65.84;0.0
59.3;65.90;0.0
59.4;65.95;100.0
59.5;65.96;0.0
59.6;65.99;0.0
59.7;66.21;0.0
59.8;66.32;0.0
59.9;66.33;0.0
60.0;66.30;0.0
60.1;66.11;100.0
60.2;65.65;0.0
60.3;65.39;0.0
60.4;65.35;0.0
60.5;65.30;0.0
60.6;65.19;0.0
60.7;65.31;0.0
60.8;65.35;100.0
60.9;65.16;0.0
61.0;65.28;0.0
61.1;65.42;0.0
61.2;65.72;0.0
61.3;65.74;0.0
61.4;65.56;0.0
61.5;65.54;100.0
61.6;65.38;0.0
61.7;65.19;0.0
61.8;64.98;0.0
61.9;64.57;0.0
62.0;64.33;0.0
62.1;64.53;0.0
62.2;64.86;100.0
62.3;65.04;0.0
62.4;65.04;0.0
62.5;65.04;100.0
62.6;65.00;0.0
62.7;64.83;0.0
62.8;65.10;0.0
62.9;65.10;100.0
63.0;64.80;0.0
63.1;64.50;0.0
63.2;64.25;100.0
63.3;64.04;0.0
63.4;63.70;0.0
63.5;63.72;0.0
63.6;64.03;100.0
63.7;64.41;0.0
63.8;64.79;0.0
63.9;65.07;100.0
64.0;65.09;0.0
64.1;64.91;0.0
64.2;64.76;0.0
64.3;64.77;100.0
64.4;64.80;0.0
64.5;64.92;0.0
64.6;65.13;100.0
64.7;64.82;0.0
64.8;64.61;0.0
64.9;64.68;0.0
65.0;64.77;100.0
65.1;64.86;0.0
65.2;64.92;0.0
65.3;65.38;100.0
65.4;65.51;0.0
65.5;65.11;0.0
65.6;65.14;0.0
65.7;65.11;100.0
65.8;65.08;0.0
65.9;65.29;0.0
66.0;65.30;100.0
66.1;65.37;0.0
66.2;65.36;0.0
66.3;65.33;0.0
66.4;65.66;100.0
66.5;65.87;0.0
66.6;65.96;0.0
66.7;66.15;0.0
66.8;66.13;100.0
66.9;65.99;0.0
67.0;65.96;0.0
67.1;65.95;100.0
67.2;66.00;0.0
67.3;66.06;0.0
67.4;66.11;0.0
67.5;66.11;100.0
67.6;66.16;0.0
67.7;66.18;0.0
67.8;66.21;100.0
67.9;66.22;0.0
68.0;66.21;0.0
68.1;66.26;0.0
68.2;66.41;100.0
68.3;66.42;0.0
68.4;66.44;0.0
68.5;66.44;100.0
68.6;66.47;0.0
68.7;66.45;0.0
68.8;66.55;0.0
68.9;66.63;100.0
69.0;66.63;0.0
69.1;66.63;0.0
69.2;66.68;100.0
69.3;66.67;0.0
69.4;66.71;0.0
69.5;66.75;0.0
69.6;66.73;100.0
69.7;66.81;0.0
69.8;66.79;0.0
69.9;66.82;100.0
70.0;66.83;0.0
70.1;66.64;0.0
70.2;66.71;0.0
70.3;66.87;100.0
70.4;66.90;0.0
70.5;66.91;0.0
70.6;66.86;0.0
70.7;66.79;100.0
70.8;66.72;0.0
70.9;66.78;0.0
71.0;66.70;100.0
71.1;66.66;0.0
71.2;66.64;0.0
71.3;66.69;0.0
71.4;66.68;100.0
71.5;66.72;0.0
71.6;66.65;0.0
71.7;66.70;100.0
71.8;66.67;0.0
71.9;66.42;0.0
72.0;66.25;0.0
72.1;66.20;100.0
72.2;66.12;0.0
72.3;66.12;0.0
72.4;66.16;100.0
72.5;66.09;0.0
72.6;66.30;0.0
72.7;66.37;0.0
72.8;66.29;100.0
72.9;66.24;0.0
73.0;66.25;0.0
73.1;66.25;100.0
73.2;66.28;0.0
73.3;66.15;0.0
73.4;66.09;0.0
73.5;66.24;100.0
73.6;66.28;0.0
73.7;66.27;0.0
73.8;66.29;100.0
73.9;66.30;0.0
74.0;66.36;0.0
74.1;66.47;0.0
74.2;66.43;100.0
74.3;66.37;0.0
74.4;66.39;0.0
74.5;66.41;100.0
74.6;66.40;0.0
74.7;66.17;0.0
74.8;66.08;0.0
74.9;66.13;100.0
75.0;66.11;0.0
75.1;66.09;0.0
75.2;66.00;100.0
75.3;66.08;0.0
75.4;66.19;0.0
75.5;66.24;0.0
75.6;66.15;100.0
75.7;66.07;0.0
75.8;66.11;0.0
75.9;66.13;0.0
76.0;66.13;100.0
76.1;65.82;0.0
76.2;62.98;0.0
76.3;65.75;100.0
76.4;65.77;0.0
76.5;65.80;0.0
76.6;65.76;0.0
76.7;65.88;100.0
76.8;66.08;0.0
76.9;66.22;0.0
77.0;66.21;100.0
77.1;66.14;0.0
77.2;66.14;0.0
77.3;66.13;100.0
77.4;66.15;0.0
77.5;65.92;0.0
77.6;62.99;0.0
77.7;65.78;100.0
77.8;62.99;0.0
77.9;62.95;0.0
78.0;62.85;0.0
78.1;62.76;100.0
78.2;62.73;0.0
78.3;65.85;0.0
78.4;62.74;100.0
78.5;62.69;0.0
78.6;62.68;0.0
78.7;62.65;0.0
78.8;62.65;100.0
78.9;62.73;0.0
79.0;62.60;0.0
79.1;62.60;100.0
79.2;62.57;0.0
79.3;62.61;0.0
79.4;62.55;0.0
79.5;62.44;100.0
79.6;62.47;0.0
79.7;65.87;0.0
79.8;65.85;100.0
79.9;62.63;0.0
80.0;62.65;0.0
80.1;62.63;0.0
80.2;65.75;100.0
80.3;62.61;0.0
80.4;62.62;0.0
80.5;62.73;100.0
80.6;62.79;0.0
80.7;62.81;0.0
80.8;62.80;0.0
80.9;62.66;100.0
81.0;65.75;0.0
81.1;65.90;0.0
81.2;65.88;100.0
81.3;65.80;0.0
81.4;65.80;0.0
81.5;65.81;0.0
81.6;65.81;100.0
81.7;63.05;0.0
81.8;62.90;0.0
81.9;62.90;100.0
82.0;62.92;0.0
82.1;62.95;0.0
82.2;62.99;0.0
82.3;62.80;100.0
82.4;65.79;0.0
82.5;65.97;0.0
82.6;66.02;0.0
82.7;66.00;100.0
82.8;65.99;0.0
82.9;65.99;0.0
83.0;65.99;100.0
83.1;65.90;0.0
83.2;63.05;0.0
83.3;63.08;100.0
83.4;63.05;0.0
83.5;63.02;0.0
83.6;63.00;0.0
83.7;62.81;100.0
83.8;62.79;0.0
83.9;62.73;0.0
84.0;65.84;0.0
84.1;62.77;100.0
84.2;62.74;0.0
84.3;62.73;0.0
84.4;62.73;100.0
84.5;62.83;0.0
84.6;62.71;0.0
84.7;62.67;0.0
84.8;62.68;100.0
84.9;62.67;0.0
85.0;62.67;0.0
85.1;62.53;100.0
85.2;62.55;0.0
85.3;65.87;0.0
85.4;65.94;0.0
85.5;65.87;100.0
85.6;65.83;0.0
85.7;65.83;0.0
85.8;65.83;100.0
85.9;65.84;0.0
86.0;62.62;0.0
86.1;62.67;0.0
86.2;62.76;100.0
86.3;62.79;0.0
86.4;62.80;0.0
86.5;62.70;100.0
86.6;65.75;0.0
86.7;65.87;0.0
86.8;65.96;0.0
86.9;65.92;100.0
87.0;65.85;0.0
87.1;65.88;0.0
87.2;65.92;100.0
87.3;65.88;0.0
87.4;63.03;0.0
87.5;62.99;0.0
87.6;63.03;100.0
87.7;63.05;0.0
87.8;63.10;0.0
87.9;62.94;100.0
88.0;65.78;0.0
88.1;65.97;0.0
88.2;66.12;0.0
88.3;66.10;100.0
88.4;66.05;0.0
88.5;66.04;0.0
88.6;66.03;0.0
88.7;66.05;100.0
88.8;65.85;0.0
88.9;63.12;0.0
89.0;65.80;100.0
89.1;63.11;0.0
89.2;63.10;0.0
89.3;63.00;100.0
89.4;62.93;0.0
89.5;62.94;0.0
89.6;65.91;0.0
89.7;65.84;100.0
89.8;62.87;0.0
89.9;62.88;0.0
90.0;62.88;0.0
90.1;62.87;100.0
90.2;62.86;0.0
90.3;62.73;0.0
90.4;62.73;100.0
90.5;62.72;0.0
90.6;62.72;0.0
90.7;62.65;0.0
90.8;62.56;100.0
90.9;62.61;0.0
91.0;65.93;0.0
91.1;65.91;100.0
91.2;65.80;0.0
91.3;65.81;0.0
91.4;65.83;0.0
91.5;65.85;100.0
91.6;62.69;0.0
91.7;62.71;0.0
91.8;62.81;100.0
91.9;62.88;0.0
92.0;62.92;0.0
92.1;62.82;0.0
92.2;62.71;100.0
92.3;65.91;0.0
92.4;66.05;0.0
92.5;66.04;100.0
92.6;65.97;0.0
92.7;65.97;0.0
92.8;66.00;0.0
92.9;66.00;100.0
93.0;65.80;0.0
93.1;63.10;0.0
93.2;63.13;0.0
93.3;65.78;100.0
93.4;65.79;0.0
93.5;65.80;0.0
93.6;65.85;100.0
93.7;66.02;0.0
93.8;66.13;0.0
93.9;66.15;0.0
94.0;66.04;100.0
94.1;65.88;0.0
94.2;65.87;0.0
94.3;65.88;0.0
94.4;65.76;0.0
94.5;65.15;0.0
94.6;65.79;0.0
94.7;65.79;100.0
94.8;65.74;0.0
94.9;65.67;0.0
95.0;65.68;0.0
95.1;65.84;0.0
95.2;65.50;0.0
95.3;64.95;0.0
95.4;64.62;100.0
95.5;64.73;0.0
95.6;64.68;0.0
95.7;64.71;0.0
95.8;64.47;0.0
95.9;64.16;0.0
96.0;64.76;0.0
96.1;64.78;100.0
96.2;64.59;0.0
96.3;64.76;0.0
96.4;63.87;0.0
96.5;65.47;0.0
96.6;65.96;0.0
96.7;65.85;0.0
96.8;65.79;100.0
96.9;65.80;0.0
97.0;65.63;0.0
97.1;65.60;0.0
97.2;65.41;0.0
97.3;63.95;0.0
97.4;63.23;0.0
97.5;67.33;100.0
97.6;67.80;0.0
97.7;67.38;0.0
97.8;56.03;0.0
97.9;56.16;0.0
98.0;56.15;0.0
98.1;56.18;0.0
98.2;56.19;100.0
98.3;59.23;0.0
98.4;59.24;0.0
98.5;99.11;0.0
98.6;99.01;0.0
98.7;98.77;0.0
98.8;98.46;0.0
98.9;98.23;100.0
99.0;98.14;0.0
99.1;98.15;0.0
99.2;98.16;0.0
99.3;98.17;0.0
99.4;98.15;0.0
99.5;98.11;0.0
99.6;98.06;100.0
99.7;98.02;0.0
99.8;98.12;0.0
99.9;98.19;0.0
100.0;98.25;0.0
100.1;98.40;0.0
100.2;98.47;0.0
100.3;98.48;100.0
100.4;98.71;0.0
100.5;99.44;0.0
100.6;100.00;0.0
100.7;67.17;0.0
100.8;67.21;0.0
100.9;67.20;0.0
101.0;67.20;100.0
101.1;67.20;0.0
101.2;67.19;0.0
101.3;67.19;0.0
101.4;67.18;0.0
101.5;67.20;0.0
101.6;67.21;0.0
101.7;67.20;100.0
101.8;67.21;0.0
101.9;67.22;0.0
102.0;67.22;0.0
102.1;67.22;0.0
102.2;67.23;0.0
102.3;67.22;0.0
102.4;67.22;100.0
102.5;67.22;0.0
102.6;67.22;0.0
102.7;67.22;0.0
102.8;67.20;0.0
102.9;67.21;0.0
103.0;67.18;0.0
103.1;67.18;100.0
103.2;67.18;0.0
103.3;67.18;0.0
103.4;82.02;0.0
103.5;82.00;0.0
103.6;82.00;0.0
103.7;82.06;0.0
103.8;82.14;100.0
103.9;82.22;0.0
104.0;82.36;0.0
104.1;82.59;0.0
104.2;98.81;0.0
104.3;98.77;0.0
104.4;98.74;0.0
104.5;98.74;0.0
104.6;98.73;100.0
104.7;98.72;0.0
104.8;98.75;0.0
104.9;98.76;0.0
105.0;98.74;0.0
105.1;81.98;0.0
105.2;67.10;0.0
105.3;66.84;100.0
105.4;66.53;0.0
105.5;66.52;0.0
105.6;66.51;0.0
105.7;66.46;0.0
105.8;66.44;0.0
105.9;66.40;0.0
106.0;66.32;100.0
106.1;66.30;0.0
106.2;66.28;0.0
106.3;66.26;0.0
106.4;66.21;0.0
106.5;66.20;0.0
106.6;66.25;0.0
106.7;66.27;100.0
106.8;66.27;0.0
106.9;66.27;0.0
107.0;66.27;0.0
107.1;66.25;0.0
107.2;66.24;0.0
107.3;66.23;0.0
107.4;66.21;100.0
107.5;66.19;0.0
107.6;66.18;0.0
107.7;66.17;0.0
107.8;66.15;0.0
107.9;66.19;0.0
108.0;66.26;0.0
108.1;66.31;100.0
108.2;66.32;0.0
108.3;66.31;0.0
108.4;66.31;0.0
108.5;66.20;0.0
108.6;66.08;0.0
108.7;66.25;0.0
108.8;66.59;100.0
108.9;66.62;0.0
109.0;66.64;0.0
109.1;66.68;0.0
109.2;66.72;0.0
109.3;66.76;0.0
109.4;66.89;0.0
109.5;66.93;100.0
109.6;66.93;0.0
109.7;66.96;0.0
109.8;66.98;0.0
109.9;67.02;0.0
110.0;67.02;0.0
110.1;67.04;0.0
110.2;67.04;100.0
110.3;67.05;0.0
110.4;67.05;0.0
110.5;67.06;0.0
110.6;67.06;0.0
110.7;67.08;0.0
110.8;67.13;0.0
110.9;67.16;100.0
111.0;67.18;0.0
111.1;67.19;0.0
111.2;67.22;0.0
111.3;67.21;0.0
111.4;67.21;0.0
111.5;67.15;0.0
111.6;67.11;100.0
111.7;67.09;0.0
111.8;67.08;0.0
111.9;67.08;0.0
112.0;67.07;0.0
112.1;66.99;0.0
112.2;66.79;0.0
112.3;66.75;100.0
112.4;66.71;0.0
112.5;66.69;0.0
112.6;66.66;100.0
112.7;66.62;0.0
112.8;66.52;0.0
112.9;66.43;0.0
113.0;66.40;100.0
113.1;66.36;0.0
113.2;66.32;0.0
113.3;66.27;100.0
113.4;66.25;0.0
113.5;66.30;0.0
113.6;66.08;0.0
113.7;65.94;100.0
113.8;65.86;0.0
113.9;65.76;0.0
114.0;65.34;0.0
114.1;65.26;100.0
114.2;73.74;0.0
114.3;73.90;0.0
114.4;73.98;100.0
114.5;73.87;0.0
114.6;73.82;0.0
114.7;73.79;0.0
114.8;73.66;100.0
114.9;73.59;0.0
115.0;73.85;0.0
115.1;74.07;100.0
115.2;74.29;0.0
115.3;74.36;0.0
115.4;74.42;0.0
115.5;74.41;100.0
115.6;88.26;0.0
115.7;87.84;0.0
115.8;87.80;100.0
115.9;87.80;0.0
116.0;87.87;0.0
116.1;87.92;0.0
116.2;87.95;100.0
116.3;87.97;0.0
116.4;74.06;0.0
116.5;73.59;100.0
116.6;73.24;0.0
116.7;73.07;0.0
116.8;73.04;0.0
116.9;73.02;100.0
117.0;72.92;0.0
117.1;72.79;0.0
117.2;72.72;100.0
117.3;72.65;0.0
117.4;72.54;0.0
117.5;66.64;0.0
117.6;66.64;100.0
117.7;66.67;0.0
117.8;66.69;0.0
117.9;66.81;100.0
118.0;66.85;0.0
118.1;66.89;0.0
118.2;66.99;0.0
118.3;67.04;100.0
118.4;67.04;0.0
118.5;67.07;0.0
118.6;67.06;0.0
118.7;67.05;100.0
118.8;67.01;0.0
118.9;66.96;0.0
119.0;66.93;100.0
119.1;67.01;0.0
119.2;67.05;0.0
119.3;66.98;0.0
119.4;66.78;100.0
119.5;66.75;0.0
119.6;66.86;0.0
119.7;67.02;100.0
119.8;67.09;0.0
119.9;67.13;0.0
120.0;67.19;0.0
120.1;67.25;100.0
120.2;67.18;0.0
120.3;67.13;0.0
120.4;67.17;100.0
120.5;67.18;0.0
120.6;67.20;0.0
120.7;67.21;0.0
120.8;67.11;100.0
120.9;67.06;0.0
121.0;67.07;0.0
121.1;67.09;100.0
121.2;67.11;0.0
121.3;67.13;0.0
121.4;67.18;0.0
121.5;67.20;100.0
121.6;67.14;0.0
121.7;67.11;0.0
121.8;67.12;100.0
121.9;67.15;0.0
122.0;67.15;0.0
122.1;67.14;0.0
122.2;67.09;100.0
122.3;67.05;0.0
122.4;67.06;0.0
122.5;67.08;100.0
122.6;67.09;0.0
122.7;67.12;0.0
122.8;67.17;0.0
122.9;67.21;100.0
123.0;67.16;0.0
123.1;67.07;0.0
123.2;67.04;100.0
123.3;67.01;0.0
123.4;66.87;0.0
123.5;66.82;0.0
123.6;66.77;100.0
123.7;66.73;0.0
123.8;66.71;0.0
123.9;66.72;100.0
124.0;66.74;0.0
124.1;66.73;0.0
124.2;66.83;0.0
124.3;66.90;100.0
124.4;66.87;0.0
124.5;66.77;0.0
124.6;66.75;0.0
124.7;66.69;100.0
124.8;66.61;0.0
124.9;66.58;0.0
125.0;66.49;100.0
125.1;66.46;0.0
125.2;66.43;0.0
125.3;66.36;0.0
125.4;66.44;100.0
125.5;66.49;0.0
125.6;66.77;0.0
125.7;67.02;100.0
125.8;67.20;0.0
125.9;67.16;0.0
126.0;67.25;0.0
126.1;67.55;100.0
126.2;67.61;0.0
126.3;67.56;0.0
126.4;67.44;100.0
126.5;67.40;0.0
126.6;67.38;0.0
126.7;67.17;0.0
126.8;67.23;100.0
126.9;67.16;0.0
127.0;67.20;0.0
127.1;67.22;100.0
127.2;67.19;0.0
127.3;66.98;0.0
127.4;66.90;0.0
127.5;66.68;100.0
127.6;66.57;0.0
127.7;66.54;0.0
127.8;66.18;100.0
127.9;66.11;0.0
128.0;66.06;0.0
128.1;65.97;0.0
128.2;65.81;100.0
128.3;65.45;0.0
128.4;65.73;0.0
128.5;65.76;100.0
128.6;65.82;0.0
128.7;65.31;0.0
128.8;64.98;0.0
128.9;64.39;100.0
129.0;63.99;0.0
129.1;63.80;0.0
129.2;63.55;100.0
129.3;63.37;0.0
129.4;63.33;0.0
129.5;63.23;0.0
129.6;63.12;100.0
129.7;63.03;0.0
129.8;63.11;0.0
129.9;63.47;100.0
130.0;63.59;0.0
130.1;63.61;0.0
130.2;63.73;0.0
130.3;63.88;100.0
130.4;64.10;0.0
130.5;64.07;0.0
130.6;64.06;0.0
130.7;64.06;100.0
130.8;64.18;0.0
130.9;64.45;0.0
131.0;64.74;100.0
131.1;65.02;0.0
131.2;65.30;0.0
131.3;65.61;100.0
131.4;65.81;0.0
131.5;65.84;0.0
131.6;65.91;0.0
131.7;66.01;100.0
131.8;66.03;0.0
131.9;66.14;0.0
132.0;66.17;0.0
132.1;66.17;100.0
132.2;66.15;0.0
132.3;66.19;0.0
132.4;66.25;100.0
132.5;66.25;0.0
132.6;66.32;0.0
132.7;66.44;0.0
132.8;66.51;100.0
132.9;66.50;0.0
133.0;66.50;0.0
133.1;66.55;100.0
133.2;66.59;0.0
133.3;66.66;0.0
133.4;66.71;0.0
133.5;66.76;100.0
133.6;66.75;0.0
133.7;66.76;0.0
133.8;66.79;100.0
133.9;66.86;0.0
134.0;66.89;0.0
134.1;66.95;0.0
134.2;66.98;100.0
134.3;66.96;0.0
134.4;66.88;0.0
134.5;66.79;100.0
134.6;66.71;0.0
134.7;66.67;0.0
134.8;66.59;0.0
134.9;66.60;100.0
135.0;66.62;0.0
135.1;66.58;0.0
135.2;66.54;100.0
135.3;66.52;0.0
135.4;66.44;0.0
135.5;66.61;0.0
135.6;66.71;100.0
135.7;66.73;0.0
135.8;66.74;0.0
135.9;66.72;100.0
136.0;66.69;0.0
136.1;66.66;0.0
136.2;66.62;0.0
136.3;66.63;100.0
136.4;66.51;0.0
136.5;66.34;0.0
136.6;66.40;0.0
136.7;66.21;0.0
136.8;65.76;0.0
136.9;63.63;0.0
137.0;64.72;100.0
137.1;64.87;0.0
137.2;64.68;0.0
137.3;64.59;100.0
137.4;64.46;0.0
137.5;64.48;0.0
137.6;64.63;0.0
137.7;65.05;100.0
137.8;65.51;0.0
137.9;65.72;0.0
138.0;65.78;0.0
138.1;65.75;0.0
138.2;65.59;0.0
138.3;65.65;0.0
138.4;65.88;100.0
138.5;65.88;0.0
138.6;65.94;0.0
138.7;66.03;0.0
138.8;66.12;0.0
138.9;66.13;0.0
139.0;66.18;0.0
139.1;66.15;100.0
139.2;66.01;0.0
139.3;65.85;0.0
139.4;65.66;0.0
139.5;65.56;0.0
139.6;65.53;0.0
139.7;65.53;0.0
139.8;65.66;100.0
139.9;65.76;0.0
140.0;65.61;0.0
140.1;65.67;0.0
140.2;65.71;0.0
140.3;65.75;0.0
140.4;65.64;0.0
140.5;65.85;100.0
140.6;66.00;0.0
140.7;66.07;0.0
140.8;66.13;0.0
140.9;66.10;0.0
141.0;66.08;0.0
141.1;65.99;0.0
141.2;66.06;100.0
141.3;65.99;0.0
141.4;65.99;0.0
141.5;66.12;0.0
141.6;66.26;0.0
141.7;66.31;0.0
141.8;66.13;0.0
141.9;66.12;100.0
142.0;65.99;0.0
142.1;65.74;0.0
142.2;65.29;0.0
142.3;65.10;0.0
142.4;65.03;0.0
142.5;64.97;0.0
142.6;65.14;0.0
142.7;65.39;100.0
142.8;65.72;0.0
142.9;65.82;0.0
143.0;65.81;0.0
143.1;65.78;0.0
143.2;65.65;0.0
143.3;65.85;0.0
143.4;66.01;100.0
143.5;66.18;0.0
143.6;66.26;0.0
143.7;66.28;0.0
143.8;66.23;0.0
143.9;66.10;0.0
144.0;66.11;0.0
144.1;66.12;100.0
144.2;66.10;0.0
144.3;66.16;0.0
144.4;66.22;0.0
144.5;66.15;0.0
144.6;65.88;0.0
144.7;65.83;0.0
144.8;65.70;100.0
144.9;65.32;0.0
145.0;64.97;0.0
145.1;64.77;0.0
145.2;64.76;0.0
145.3;64.72;0.0
145.4;64.74;0.0
145.5;64.89;100.0
145.6;65.12;0.0
145.7;65.29;0.0
145.8;65.28;0.0
145.9;65.19;0.0
146.0;65.10;0.0
146.1;65.25;0.0
146.2;65.48;100.0
146.3;65.73;0.0
146.4;65.84;0.0
146.5;65.91;0.0
146.6;65.90;0.0
146.7;65.79;0.0
146.8;65.83;0.0
146.9;65.79;100.0
147.0;65.74;0.0
147.1;65.82;0.0
147.2;65.93;0.0
147.3;66.09;0.0
147.4;65.99;0.0
147.5;65.86;0.0
147.6;65.72;100.0
147.7;65.37;0.0
147.8;65.31;0.0
147.9;65.37;0.0
148.0;65.70;0.0
148.1;65.43;0.0
148.2;65.25;0.0
148.3;65.38;100.0
148.4;65.67;0.0
148.5;65.82;0.0
148.6;65.87;0.0
148.7;65.80;0.0
148.8;65.85;0.0
148.9;65.85;0.0
149.0;65.79;100.0
149.1;65.69;0.0
149.2;65.79;0.0
149.3;66.01;0.0
149.4;66.08;100.0
149.5;66.02;0.0
149.6;65.82;0.0
149.7;65.62;100.0
149.8;65.50;0.0
149.9;65.50;0.0
150.0;65.78;0.0
150.1;65.97;100.0
150.2;65.81;0.0
150.3;65.43;0.0
150.4;65.38;100.0
150.5;64.90;0.0
150.6;64.69;0.0
150.7;64.60;0.0
150.8;64.63;100.0
150.9;64.54;0.0
151.0;64.43;0.0
151.1;64.52;100.0
151.2;64.51;0.0
151.3;64.45;0.0
151.4;64.24;0.0
151.5;64.22;100.0
151.6;64.55;0.0
151.7;64.62;0.0
151.8;64.59;100.0
151.9;64.45;0.0
152.0;64.44;0.0
152.1;65.25;0.0
152.2;65.54;100.0
152.3;65.66;0.0
152.4;65.65;0.0
152.5;65.84;100.0
152.6;65.84;0.0
152.7;65.74;0.0
152.8;65.84;0.0
152.9;65.94;100.0
153.0;66.07;0.0
153.1;66.00;0.0
153.2;65.86;100.0
153.3;65.70;0.0
153.4;65.32;0.0
153.5;64.98;0.0
153.6;64.88;100.0
153.7;64.90;0.0
153.8;64.72;0.0
153.9;64.81;100.0
154.0;64.89;0.0
154.1;64.75;0.0
154.2;64.68;0.0
154.3;64.54;100.0
154.4;64.77;0.0
154.5;64.89;0.0
154.6;64.80;0.0
154.7;64.67;100.0
154.8;64.67;0.0
154.9;64.72;0.0
155.0;64.74;100.0
155.1;64.86;0.0
155.2;64.56;0.0
155.3;64.50;100.0
155.4;64.61;0.0
155.5;64.15;0.0
155.6;63.75;0.0
155.7;63.54;100.0
155.8;63.59;0.0
155.9;63.55;0.0
156.0;63.71;0.0
156.1;63.73;100.0
156.2;63.50;0.0
156.3;63.41;0.0
156.4;63.53;100.0
156.5;63.57;0.0
156.6;63.60;0.0
156.7;63.57;0.0
156.8;63.72;100.0
156.9;63.93;0.0
157.0;64.07;0.0
157.1;64.13;100.0
157.2;64.36;0.0
157.3;64.51;0.0
157.4;64.61;0.0
157.5;64.57;100.0
157.6;64.58;0.0
157.7;64.62;0.0
157.8;64.67;100.0
157.9;64.75;0.0
158.0;64.72;0.0
158.1;64.72;0.0
158.2;64.76;100.0
158.3;64.77;0.0
158.4;64.79;0.0
158.5;64.75;100.0
158.6;64.87;0.0
158.7;64.97;0.0
158.8;64.97;0.0
158.9;64.96;100.0
159.0;64.98;0.0
159.1;64.97;0.0
159.2;64.97;100.0
159.3;64.96;0.0
159.4;64.93;0.0
159.5;65.02;0.0
159.6;65.03;100.0
159.7;65.00;0.0
159.8;64.97;0.0
159.9;64.91;100.0
160.0;64.95;0.0
160.1;65.02;0.0
160.2;64.97;0.0
160.3;64.92;100.0
160.4;64.91;0.0
160.5;64.87;0.0
160.6;64.73;0.0
160.7;64.66;100.0
160.8;64.46;0.0
160.9;64.61;0.0
161.0;64.78;100.0
161.1;64.74;0.0
161.2;64.68;0.0
161.3;64.52;100.0
161.4;64.70;0.0
161.5;65.34;0.0
161.6;66.13;0.0
161.7;66.31;100.0
161.8;66.22;0.0
161.9;66.36;0.0
162.0;66.58;0.0
162.1;66.90;100.0
162.2;67.03;0.0
162.3;67.05;0.0
162.4;67.13;100.0
162.5;67.14;0.0
162.6;67.02;0.0
162.7;67.04;0.0
162.8;67.09;100.0
162.9;67.10;0.0
163.0;67.18;0.0
163.1;67.10;100.0
163.2;67.01;0.0
163.3;67.02;0.0
163.4;67.05;0.0
163.5;67.07;100.0
163.6;67.11;0.0
163.7;67.14;0.0
163.8;67.18;100.0
163.9;67.18;0.0
164.0;67.08;0.0
164.1;67.09;0.0
164.2;67.13;100.0
164.3;67.14;0.0
164.4;67.18;0.0
164.5;67.10;100.0
164.6;67.03;0.0
164.7;67.01;0.0
164.8;67.03;0.0
164.9;67.04;100.0
165.0;67.02;0.0
165.1;67.02;0.0
165.2;67.07;100.0
165.3;67.10;0.0
165.4;66.99;0.0
165.5;66.89;0.0
165.6;66.83;100.0
165.7;66.78;0.0
165.8;66.65;0.0
165.9;66.58;100.0
166.0;66.56;0.0
166.1;66.52;0.0
166.2;66.56;0.0
166.3;66.60;100.0
166.4;66.55;0.0
166.5;66.64;0.0
166.6;66.77;0.0
166.7;66.80;100.0
166.8;66.67;0.0
166.9;66.64;0.0
167.0;66.59;100.0
167.1;66.54;0.0
167.2;66.47;0.0
167.3;66.39;0.0
167.4;66.43;100.0
167.5;66.36;0.0
167.6;66.30;0.0
167.7;66.26;100.0
167.8;66.20;0.0
167.9;66.29;0.0
168.0;66.36;0.0
168.1;66.42;100.0
168.2;66.26;0.0
168.3;66.19;0.0
168.4;66.16;100.0
168.5;66.11;0.0
168.6;66.04;0.0
168.7;65.95;0.0
168.8;65.88;100.0
168.9;65.81;0.0
169.0;65.80;0.0
169.1;65.69;100.0
169.2;65.77;0.0
169.3;65.77;0.0
169.4;65.85;0.0
169.5;65.90;100.0
169.6;65.75;0.0
169.7;65.41;0.0
169.8;65.21;100.0
169.9;64.97;0.0
170.0;64.78;0.0
170.1;64.75;0.0
170.2;64.58;100.0
170.3;64.51;0.0
170.4;64.46;0.0
170.5;64.40;100.0
170.6;64.36;0.0
170.7;64.28;0.0
170.8;64.37;0.0
170.9;64.44;100.0
171.0;64.47;0.0
171.1;64.37;0.0
171.2;64.30;100.0
171.3;64.11;0.0
171.4;63.88;0.0
171.5;63.88;0.0
171.6;63.57;100.0
171.7;63.43;0.0
171.8;63.29;0.0
171.9;62.97;100.0
172.0;62.95;0.0
172.1;62.90;0.0
172.2;63.17;0.0
172.3;63.41;100.0
172.4;63.51;0.0
172.5;63.51;0.0
172.6;63.63;0.0
172.7;63.90;100.0
172.8;63.94;0.0
172.9;63.94;0.0
173.0;63.71;100.0
173.1;63.84;0.0
173.2;64.04;0.0
173.3;64.49;100.0
173.4;64.92;0.0
173.5;65.26;0.0
173.6;65.70;0.0
173.7;65.93;100.0
173.8;66.00;0.0
173.9;65.97;0.0
174.0;66.06;0.0
174.1;66.11;100.0
174.2;66.14;0.0
174.3;66.19;0.0
174.4;66.15;100.0
174.5;66.16;0.0
174.6;66.17;0.0
174.7;66.22;0.0
174.8;66.23;100.0
174.9;66.22;0.0
175.0;66.32;0.0
175.1;66.44;100.0
175.2;66.46;0.0
175.3;66.38;0.0
175.4;66.40;0.0
175.5;66.41;100.0
175.6;66.44;0.0
175.7;66.50;0.0
175.8;66.47;100.0
175.9;66.50;0.0
176.0;66.55;0.0
176.1;66.61;0.0
176.2;66.78;100.0
176.3;66.88;0.0
176.4;66.98;0.0
176.5;67.07;100.0
176.6;67.10;0.0
176.7;66.98;0.0
176.8;66.93;0.0
176.9;66.89;100.0
177.0;66.86;0.0
177.1;66.85;0.0
177.2;66.80;100.0
177.3;66.78;0.0
177.4;66.74;0.0
177.5;66.74;0.0
177.6;66.75;100.0
177.7;66.76;0.0
177.8;66.86;0.0
177.9;67.01;100.0
178.0;67.05;0.0
178.1;66.96;0.0
178.2;66.95;0.0
178.3;66.99;100.0
178.4;67.00;0.0
178.5;67.02;0.0
178.6;66.95;0.0
178.7;66.97;100.0
178.8;66.94;0.0
178.9;66.98;0.0
179.0;67.01;100.0
179.1;67.01;0.0
179.2;67.04;0.0
179.3;67.12;0.0
179.4;67.15;100.0
179.5;67.04;0.0
179.6;66.96;0.0
179.7;66.90;100.0
179.8;66.84;0.0
179.9;66.67;0.0
180.0;66.60;0.0
180.1;66.58;100.0
180.2;66.51;0.0
180.3;66.49;0.0
180.4;66.51;100.0
180.5;66.51;0.0
180.6;66.54;0.0
180.7;66.66;0.0
180.8;66.74;100.0
180.9;66.62;0.0
181.0;66.55;0.0
181.1;66.51;100.0
181.2;66.44;0.0
181.3;66.31;0.0
181.4;66.23;0.0
181.5;66.19;100.0
181.6;66.11;0.0
181.7;66.04;0.0
181.8;65.99;100.0
181.9;66.11;0.0
182.0;66.18;0.0
182.1;66.57;0.0
182.2;66.90;100.0
182.3;67.02;0.0
182.4;67.00;0.0
182.5;67.14;100.0
182.6;67.54;0.0
182.7;67.60;0.0
182.8;67.38;0.0
182.9;67.32;100.0
183.0;67.27;0.0
183.1;67.18;0.0
183.2;67.02;100.0
183.3;67.20;0.0
183.4;67.11;0.0
183.5;67.28;0.0
183.6;67.30;100.0
183.7;67.12;0.0
183.8;66.75;0.0
183.9;66.56;100.0
184.0;66.16;0.0
184.1;66.04;0.0
184.2;65.89;0.0
184.3;64.81;100.0
184.4;64.56;0.0
184.5;64.40;0.0
184.6;64.28;0.0
184.7;64.32;100.0
184.8;63.97;0.0
184.9;64.29;0.0
185.0;64.70;100.0
185.1;64.85;0.0
185.2;64.32;0.0
185.3;63.93;0.0
185.4;63.62;100.0
185.5;63.39;0.0
185.6;63.35;0.0
185.7;63.25;100.0
185.8;63.13;0.0
185.9;63.14;0.0
186.0;63.08;0.0
186.1;63.03;100.0
186.2;62.96;0.0
186.3;63.08;0.0
186.4;63.34;100.0
186.5;63.43;0.0
186.6;63.41;0.0
186.7;63.53;0.0
186.8;63.70;100.0
186.9;63.92;0.0
187.0;63.91;0.0
187.1;64.05;100.0
187.2;64.02;0.0
187.3;64.26;0.0
187.4;64.62;0.0
187.5;64.95;100.0
187.6;65.32;0.0
187.7;65.81;0.0
187.8;66.01;100.0
187.9;66.12;0.0
188.0;66.11;0.0
188.1;66.18;0.0
188.2;66.24;100.0
188.3;66.26;0.0
188.4;66.42;0.0
188.5;66.43;100.0
188.6;66.49;0.0
188.7;66.48;0.0
188.8;66.54;0.0
188.9;66.59;100.0
189.0;24.51;0.0
189.1;66.69;0.0
189.2;66.81;100.0
189.3;66.84;0.0
189.4;66.85;0.0
189.5;66.90;0.0
189.6;66.93;100.0
189.7;66.97;0.0
189.8;67.00;0.0
189.9;66.99;100.0
190.0;67.05;0.0
190.1;67.07;0.0
190.2;67.08;0.0
190.3;67.11;100.0
190.4;67.15;0.0
190.5;67.17;0.0
190.6;67.23;0.0
190.7;67.24;100.0
190.8;67.23;0.0
190.9;67.20;0.0
191.0;67.17;100.0
191.1;67.15;0.0
191.2;67.14;0.0
191.3;67.12;0.0
191.4;67.17;100.0
191.5;67.17;0.0
191.6;67.15;0.0
191.7;67.15;0.0
191.8;67.10;0.0
191.9;67.12;0.0
192.0;67.17;0.0
192.1;67.21;100.0
192.2;67.22;0.0
192.3;67.21;0.0
192.4;67.21;0.0
192.5;67.19;0.0
192.6;67.15;0.0
192.7;67.07;0.0
192.8;67.05;100.0
192.9;67.02;0.0
193.0;66.79;0.0
193.1;66.11;0.0
193.2;65.70;0.0
193.3;65.53;0.0
193.4;65.52;0.0
193.5;65.55;100.0
193.6;65.51;0.0
193.7;65.48;0.0
193.8;65.44;0.0
193.9;65.40;0.0
194.0;65.31;0.0
194.1;65.40;0.0
194.2;65.51;100.0
194.3;65.71;0.0
194.4;65.87;0.0
194.5;65.90;0.0
194.6;65.87;0.0
194.7;65.81;0.0
194.8;65.94;0.0
194.9;66.04;100.0
195.0;66.07;0.0
195.1;66.14;0.0
195.2;66.18;0.0
195.3;66.28;0.0
195.4;66.29;0.0
195.5;66.34;0.0
195.6;66.27;100.0
195.7;66.16;0.0
195.8;66.02;0.0
195.9;65.90;0.0
196.0;65.82;0.0
196.1;65.81;0.0
196.2;65.81;0.0
196.3;65.85;100.0
196.4;65.82;0.0
196.5;65.86;0.0
196.6;65.84;0.0
196.7;65.80;0.0
196.8;65.83;0.0
196.9;65.80;0.0
197.0;65.93;100.0
197.1;66.10;0.0
197.2;66.17;0.0
197.3;66.21;0.0
197.4;66.20;0.0
197.5;66.17;0.0
197.6;66.18;0.0
197.7;66.18;100.0
197.8;66.13;0.0
197.9;66.19;0.0
198.0;66.28;0.0
198.1;66.41;0.0
198.2;66.35;0.0
198.3;66.22;0.0
198.4;66.18;100.0
198.5;66.03;0.0
198.6;65.86;0.0
198.7;65.58;0.0
198.8;65.47;0.0
198.9;65.40;0.0
199.0;65.44;0.0
199.1;65.62;100.0
199.2;65.79;0.0
199.3;65.91;0.0
199.4;65.98;0.0
199.5;65.99;0.0
199.6;66.01;0.0
199.7;65.86;0.0
199.8;66.02;100.0
199.9;66.12;0.0
200.0;66.23;0.0
200.1;66.35;0.0
200.2;66.34;0.0
200.3;66.33;0.0
200.4;66.24;0.0
200.5;66.24;100.0
200.6;66.23;0.0
200.7;66.25;0.0
200.8;66.36;0.0
200.9;66.41;0.0
201.0;66.30;0.0
201.1;66.14;0.0
201.2;66.10;100.0
201.3;65.94;0.0
201.4;65.76;0.0
201.5;65.36;0.0
201.6;65.21;0.0
201.7;65.19;0.0
201.8;65.19;0.0
201.9;65.29;0.0
202.0;65.50;100.0
202.1;65.70;0.0
202.2;65.76;0.0
202.3;65.68;0.0
202.4;65.80;0.0
202.5;65.63;0.0
202.6;65.82;0.0
202.7;65.96;100.0
202.8;66.09;0.0
202.9;66.14;0.0
203.0;66.16;0.0
203.1;66.28;0.0
203.2;66.25;0.0
203.3;66.31;0.0
203.4;66.28;100.0
203.5;66.28;0.0
203.6;66.41;0.0
203.7;66.52;0.0
203.8;66.61;0.0
203.9;66.53;0.0
204.0;66.49;0.0
204.1;66.34;100.0
204.2;66.16;0.0
204.3;66.04;0.0
204.4;65.99;0.0
204.5;66.00;0.0
204.6;65.95;0.0
204.7;66.01;0.0
204.8;66.08;100.0
204.9;66.17;0.0
205.0;66.19;0.0
205.1;66.15;0.0
205.2;66.10;0.0
205.3;66.13;0.0
205.4;66.11;0.0
205.5;66.20;100.0
205.6;66.36;0.0
205.7;66.45;0.0
205.8;66.44;0.0
205.9;66.47;0.0
206.0;66.42;0.0
206.1;66.39;0.0
206.2;66.35;100.0
206.3;66.36;0.0
206.4;66.37;0.0
206.5;66.40;0.0
206.6;66.41;0.0
206.7;66.31;0.0
206.8;66.18;0.0
206.9;66.16;100.0
207.0;65.95;0.0
207.1;65.76;0.0
207.2;65.47;0.0
207.3;65.41;0.0
207.4;65.34;0.0
207.5;65.45;0.0
207.6;65.58;100.0
207.7;65.70;0.0
207.8;65.83;0.0
207.9;65.85;0.0
208.0;65.82;0.0
208.1;65.85;0.0
208.2;65.79;0.0
208.3;65.96;100.0
208.4;66.06;0.0
208.5;66.19;0.0
208.6;66.30;0.0
208.7;66.33;0.0
208.8;66.43;0.0
208.9;66.53;0.0
209.0;66.52;100.0
209.1;66.47;0.0
209.2;66.51;0.0
209.3;66.59;100.0
209.4;66.69;0.0
209.5;66.66;0.0
209.6;66.55;0.0
209.7;66.42;100.0
209.8;66.27;0.0
209.9;66.12;0.0
210.0;65.99;0.0
210.1;65.87;100.0
210.2;65.90;0.0
210.3;65.85;0.0
210.4;65.90;100.0
210.5;65.94;0.0
210.6;66.05;0.0
210.7;66.08;0.0
210.8;66.02;100.0
210.9;65.95;0.0
211.0;65.88;0.0
211.1;65.82;100.0
211.2;65.83;0.0
211.3;65.86;0.0
211.4;66.00;0.0
211.5;65.97;100.0
211.6;65.93;0.0
211.7;65.85;0.0
211.8;65.80;100.0
211.9;65.71;0.0
212.0;65.54;0.0
212.1;65.38;0.0
212.2;65.19;100.0
212.3;64.82;0.0
212.4;64.42;0.0
212.5;64.48;100.0
212.6;64.34;0.0
212.7;64.15;0.0
212.8;64.20;0.0
212.9;64.27;100.0
213.0;64.32;0.0
213.1;64.50;0.0
213.2;64.71;100.0
213.3;64.86;0.0
213.4;64.90;0.0
213.5;65.09;0.0
213.6;65.16;100.0
213.7;65.09;0.0
213.8;65.11;0.0
213.9;65.16;100.0
214.0;65.24;0.0
214.1;65.31;0.0
214.2;65.37;0.0
214.3;65.42;100.0
214.4;65.49;0.0
214.5;65.54;0.0
214.6;65.51;0.0
214.7;65.50;100.0
214.8;65.43;0.0
214.9;65.45;0.0
215.0;65.48;100.0
215.1;65.51;0.0
215.2;65.52;0.0
215.3;65.55;0.0
215.4;65.53;100.0
215.5;65.47;0.0
215.6;65.47;0.0
215.7;65.48;100.0
215.8;65.48;0.0
215.9;65.46;0.0
216.0;65.49;0.0
216.1;65.46;100.0
216.2;65.44;0.0
216.3;65.41;0.0
216.4;65.37;100.0
216.5;65.31;0.0
216.6;65.29;0.0
216.7;65.35;0.0
216.8;65.38;100.0
216.9;65.35;0.0
217.0;65.37;0.0
217.1;65.45;100.0
217.2;65.54;0.0
217.3;65.57;0.0
217.4;65.55;0.0
217.5;65.44;100.0
217.6;65.44;0.0
217.7;65.63;0.0
217.8;65.62;100.0
217.9;65.52;0.0
218.0;65.82;0.0
218.1;65.97;0.0
218.2;65.88;100.0
218.3;65.22;0.0
218.4;65.79;0.0
218.5;65.77;100.0
218.6;65.40;0.0
218.7;63.61;0.0
218.8;63.38;0.0
218.9;65.81;100.0
219.0;65.98;0.0
219.1;65.88;0.0
219.2;65.88;100.0
219.3;65.83;0.0
219.4;65.91;0.0
219.5;66.33;0.0
219.6;66.18;100.0
219.7;66.02;0.0
219.8;66.07;0.0
219.9;66.04;100.0
220.0;66.05;0.0
220.1;65.92;0.0
220.2;62.83;0.0
220.3;62.76;100.0
220.4;63.00;0.0
220.5;62.94;0.0
220.6;62.91;0.0
220.7;62.92;100.0
220.8;62.93;0.0
220.9;65.92;0.0
221.0;65.78;100.0
221.1;63.04;0.0
221.2;63.02;0.0
221.3;62.99;100.0
221.4;62.93;0.0
221.5;62.78;0.0
221.6;62.74;0.0
221.7;62.87;100.0
221.8;65.86;0.0
221.9;65.75;0.0
222.0;65.79;0.0
222.1;65.86;100.0
222.2;65.81;0.0
222.3;65.86;0.0
222.4;65.77;100.0
222.5;65.75;0.0
222.6;65.74;0.0
222.7;65.74;0.0
222.8;63.19;100.0
222.9;63.05;0.0
223.0;63.02;0.0
223.1;63.09;100.0
223.2;63.18;0.0
223.3;63.19;0.0
223.4;63.20;0.0
223.5;63.23;100.0
223.6;63.25;0.0
223.7;63.30;0.0
223.8;63.27;100.0
223.9;65.78;0.0
224.0;65.75;0.0
224.1;65.81;0.0
224.2;65.79;100.0
224.3;63.25;0.0
224.4;63.22;0.0
224.5;63.24;100.0
224.6;65.82;0.0
224.7;63.36;0.0
224.8;63.43;0.0
224.9;63.48;100.0
225.0;63.43;0.0
225.1;65.84;0.0
225.2;65.79;100.0
225.3;65.88;0.0
225.4;65.92;0.0
225.5;65.98;0.0
225.6;66.01;100.0
225.7;65.97;0.0
225.8;65.92;0.0
225.9;66.02;100.0
226.0;66.07;0.0
226.1;65.90;0.0
226.2;65.90;0.0
226.3;65.93;100.0
226.4;65.97;0.0
226.5;66.02;0.0
226.6;66.15;0.0
226.7;66.32;100.0
226.8;66.34;0.0
226.9;66.37;0.0
227.0;66.34;100.0
227.1;66.27;0.0
227.2;66.29;0.0
227.3;66.47;100.0
227.4;66.61;0.0
227.5;66.58;0.0
227.6;66.58;0.0
227.7;66.59;100.0
227.8;66.60;0.0
227.9;66.64;0.0
228.0;66.58;0.0
228.1;66.60;100.0
228.2;66.56;0.0
228.3;66.59;0.0
228.4;66.62;100.0
228.5;66.56;0.0
228.6;66.54;0.0
228.7;66.55;0.0
228.8;66.55;100.0
228.9;66.42;0.0
229.0;66.36;0.0
229.1;66.38;100.0
229.2;66.47;0.0
229.3;66.54;0.0
229.4;66.61;0.0
229.5;66.66;100.0
229.6;66.68;0.0
229.7;66.71;0.0
229.8;66.67;100.0
229.9;66.69;0.0
230.0;66.61;0.0
230.1;66.63;0.0
230.2;66.68;100.0
230.3;66.61;0.0
230.4;66.55;0.0
230.5;66.58;100.0
230.6;66.57;0.0
230.7;66.57;0.0
230.8;66.61;0.0
230.9;66.61;100.0
231.0;66.61;0.0
231.1;66.62;0.0
231.2;66.62;100.0
231.3;66.61;0.0
231.4;66.60;0.0
231.5;66.69;0.0
231.6;66.77;100.0
231.7;66.73;0.0
231.8;66.66;0.0
231.9;66.66;100.0
232.0;66.65;0.0
232.1;66.68;0.0
232.2;66.71;0.0
232.3;66.69;100.0
232.4;66.71;0.0
232.5;66.73;0.0
232.6;66.67;0.0
232.7;66.66;100.0
232.8;66.57;0.0
232.9;66.67;0.0
233.0;66.73;100.0
233.1;66.75;0.0
233.2;66.71;0.0
233.3;66.73;100.0
233.4;66.77;0.0
233.5;66.69;0.0
233.6;66.71;0.0
233.7;66.73;100.0
233.8;66.77;0.0
233.9;66.78;0.0
234.0;66.79;0.0
234.1;66.77;100.0
234.2;66.71;0.0
234.3;66.71;0.0
234.4;66.73;100.0
234.5;66.70;0.0
234.6;66.59;0.0
234.7;66.61;0.0
234.8;66.60;100.0
234.9;66.61;0.0
235.0;66.68;0.0
235.1;66.60;100.0
235.2;66.59;0.0
235.3;66.57;0.0
235.4;66.63;0.0
235.5;66.60;100.0
235.6;66.57;0.0
235.7;66.63;0.0
235.8;66.71;100.0
235.9;66.74;0.0
236.0;66.63;0.0
236.1;66.65;0.0
236.2;66.66;100.0
236.3;66.61;0.0
236.4;66.63;0.0
236.5;66.62;100.0
236.6;66.65;0.0
236.7;66.63;0.0
236.8;66.65;0.0
236.9;66.72;100.0
237.0;66.71;0.0
237.1;66.69;0.0
237.2;66.72;100.0
237.3;66.70;0.0
237.4;66.53;0.0
237.5;66.57;0.0
237.6;66.59;100.0
237.7;66.57;0.0
237.8;66.48;0.0
237.9;66.49;100.0
238.0;66.56;0.0
238.1;66.52;0.0
238.2;66.53;0.0
238.3;66.49;100.0
238.4;66.34;0.0
238.5;66.44;0.0
238.6;66.55;0.0
238.7;66.60;100.0
238.8;66.47;0.0
238.9;66.49;0.0
239.0;66.50;100.0
239.1;66.46;0.0
239.2;66.52;0.0
239.3;66.50;0.0
239.4;66.59;100.0
239.5;66.55;0.0
239.6;66.55;0.0
239.7;66.56;100.0
239.8;66.51;0.0
239.9;66.47;0.0
240.0;66.47;0.0
240.1;66.49;100.0
240.2;66.42;0.0
240.3;66.34;0.0
240.4;66.34;100.0
240.5;66.43;0.0
240.6;66.45;0.0
240.7;66.47;0.0
240.8;66.52;100.0
240.9;66.52;0.0
241.0;66.55;0.0
241.1;66.56;100.0
241.2;66.66;0.0
241.3;66.66;0.0
241.4;66.73;0.0
241.5;66.78;100.0
241.6;66.76;0.0
241.7;66.77;0.0
241.8;66.81;100.0
241.9;66.81;0.0
242.0;66.82;0.0
242.1;66.83;0.0
242.2;66.85;100.0
242.3;66.84;0.0
242.4;66.84;0.0
242.5;66.87;100.0
242.6;66.88;0.0
242.7;66.86;0.0
242.8;66.90;0.0
242.9;66.92;100.0
243.0;66.88;0.0
243.1;66.85;0.0
243.2;66.88;100.0
243.3;66.89;0.0
243.4;66.89;0.0
243.5;66.94;0.0
243.6;66.94;100.0
243.7;66.95;0.0
243.8;66.97;0.0
243.9;66.94;100.0
244.0;66.96;0.0
244.1;66.92;0.0
244.2;66.95;0.0
244.3;66.98;100.0
244.4;66.96;0.0
244.5;66.90;0.0
244.6;66.89;0.0
244.7;66.93;100.0
244.8;66.85;0.0
244.9;66.84;0.0
245.0;66.82;100.0
245.1;66.80;0.0
245.2;66.78;0.0
245.3;66.79;100.0
245.4;66.78;0.0
245.5;66.78;0.0
245.6;66.82;0.0
245.7;66.88;100.0
245.8;66.88;0.0
245.9;66.79;0.0
246.0;66.80;0.0
246.1;66.79;100.0
246.2;66.78;0.0
246.3;66.80;0.0
246.4;66.79;100.0
246.5;66.78;0.0
246.6;66.75;0.0
246.7;66.76;0.0
246.8;66.76;100.0
246.9;66.74;0.0
247.0;66.80;0.0
247.1;66.87;100.0
247.2;66.88;0.0
247.3;66.81;0.0
247.4;66.81;0.0
247.5;66.83;100.0
247.6;66.82;0.0
247.7;66.84;0.0
247.8;66.79;100.0
247.9;66.78;0.0
248.0;66.76;0.0
248.1;66.78;0.0
248.2;66.84;100.0
248.3;66.86;0.0
248.4;66.90;0.0
248.5;66.98;100.0
248.6;66.99;0.0
248.7;66.88;0.0
248.8;66.89;0.0
248.9;66.92;100.0
249.0;66.87;0.0
249.1;66.79;0.0
249.2;66.73;100.0
249.3;66.75;0.0
249.4;66.73;0.0
249.5;66.73;0.0
249.6;66.71;100.0
249.7;66.69;0.0
249.8;66.74;0.0
249.9;66.83;100.0
250.0;66.88;0.0
250.1;66.80;0.0
250.2;66.79;0.0
250.3;66.77;100.0
250.4;66.76;0.0
250.5;66.77;0.0
250.6;66.71;0.0
250.7;66.70;100.0
250.8;66.61;0.0
250.9;66.64;0.0
251.0;66.64;100.0
251.1;66.61;0.0
251.2;66.63;0.0
251.3;66.80;100.0
251.4;66.83;0.0
251.5;66.61;0.0
251.6;66.57;0.0
251.7;66.56;100.0
251.8;66.62;0.0
251.9;66.60;0.0
252.0;66.57;0.0
252.1;66.63;100.0
252.2;66.59;0.0
252.3;66.58;0.0
252.4;66.55;100.0
252.5;66.69;0.0
252.6;66.68;0.0
252.7;66.78;0.0
252.8;66.86;100.0
252.9;66.76;0.0
253.0;66.71;0.0
253.1;66.75;100.0
253.2;66.74;0.0
253.3;66.74;0.0
253.4;66.70;0.0
253.5;66.67;100.0
253.6;66.58;0.0
253.7;66.60;0.0
253.8;66.64;100.0
253.9;66.62;0.0
254.0;66.56;0.0
254.1;66.78;0.0
254.2;66.87;100.0
254.3;66.81;0.0
254.4;66.73;0.0
254.5;66.74;100.0
254.6;66.74;0.0
254.7;66.67;0.0
254.8;66.70;0.0
254.9;66.69;100.0
255.0;66.67;0.0
255.1;66.69;0.0
255.2;66.68;100.0
255.3;66.71;0.0
255.4;66.68;0.0
255.5;66.76;0.0
255.6;66.82;100.0
255.7;66.80;0.0
255.8;66.77;0.0
255.9;66.79;100.0
256.0;66.84;0.0
256.1;66.75;0.0
256.2;66.74;0.0
256.3;66.72;100.0
256.4;66.69;0.0
256.5;66.72;0.0
256.6;66.73;100.0
256.7;66.72;0.0
256.8;66.70;0.0
256.9;66.79;0.0
257.0;66.85;100.0
257.1;66.82;0.0
257.2;66.76;0.0
257.3;66.77;0.0
257.4;66.75;100.0
257.5;66.74;0.0
257.6;66.78;0.0
257.7;66.76;100.0
257.8;66.77;0.0
257.9;66.77;0.0
258.0;66.81;0.0
258.1;66.82;100.0
258.2;66.82;0.0
258.3;66.92;0.0
258.4;66.98;100.0
258.5;66.97;0.0
258.6;66.90;0.0
258.7;66.91;0.0
258.8;66.91;100.0
258.9;66.93;0.0
259.0;66.96;0.0
259.1;66.98;100.0
259.2;67.00;0.0
259.3;66.97;0.0
259.4;66.97;0.0
259.5;67.04;100.0
259.6;67.05;0.0
259.7;67.10;0.0
259.8;67.17;100.0
259.9;67.18;0.0
260.0;67.11;0.0
260.1;67.11;0.0
260.2;67.14;100.0
260.3;67.10;0.0
260.4;67.07;0.0
260.5;67.11;100.0
260.6;67.15;0.0
260.7;67.12;0.0
260.8;67.13;0.0
260.9;67.11;100.0
261.0;67.09;0.0
261.1;67.14;0.0
261.2;67.15;100.0
261.3;67.16;0.0
261.4;67.11;0.0
261.5;67.13;0.0
261.6;67.12;100.0
261.7;67.12;0.0
261.8;67.12;0.0
261.9;67.10;100.0
262.0;67.13;0.0
262.1;67.12;0.0
262.2;67.11;0.0
262.3;67.10;100.0
262.4;67.08;0.0
262.5;67.08;0.0
262.6;67.09;100.0
262.7;67.11;0.0
262.8;67.09;0.0
262.9;67.08;0.0
263.0;67.08;100.0
263.1;67.06;0.0
263.2;67.07;0.0
263.3;67.03;0.0
263.4;67.05;100.0
263.5;67.03;0.0
263.6;67.00;0.0
263.7;67.01;100.0
263.8;67.02;0.0
263.9;66.98;0.0
264.0;66.96;0.0
264.1;66.97;100.0
264.2;66.92;0.0
264.3;66.91;0.0
264.4;66.89;100.0
264.5;66.84;0.0
264.6;66.81;0.0
264.7;66.79;0.0
264.8;66.73;100.0
264.9;66.68;0.0
265.0;66.69;0.0
265.1;66.69;100.0
265.2;66.72;0.0
265.3;66.72;0.0
265.4;66.74;0.0
265.5;66.78;100.0
265.6;66.72;0.0
265.7;66.68;0.0
265.8;66.68;100.0
265.9;66.67;0.0
266.0;66.64;0.0
266.1;66.56;0.0
266.2;66.45;100.0
266.3;66.31;0.0
266.4;66.26;0.0
266.5;66.27;100.0
266.6;66.13;0.0
266.7;66.11;0.0
266.8;66.14;0.0
266.9;66.15;100.0
267.0;66.17;0.0
267.1;66.12;0.0
267.2;66.14;100.0
267.3;66.19;0.0
267.4;66.07;0.0
267.5;66.13;0.0
267.6;66.11;100.0
267.7;66.15;0.0
267.8;66.20;0.0
267.9;66.37;100.0
268.0;66.42;0.0
268.1;66.49;0.0
268.2;66.62;0.0
268.3;66.72;100.0
268.4;66.70;0.0
268.5;66.57;0.0
268.6;66.56;100.0
268.7;66.51;0.0
268.8;66.43;0.0
268.9;66.29;0.0
269.0;66.26;100.0
269.1;66.19;0.0
269.2;66.12;0.0
269.3;66.02;0.0
269.4;65.88;100.0
269.5;65.93;0.0
269.6;65.99;0.0
269.7;66.09;100.0
269.8;66.14;0.0
269.9;66.05;0.0
270.0;66.09;0.0
270.1;66.10;100.0
270.2;66.17;0.0
270.3;66.20;0.0
270.4;66.24;100.0
270.5;66.24;0.0
270.6;66.27;0.0
270.7;66.41;0.0
270.8;66.58;100.0
270.9;66.66;0.0
271.0;66.84;0.0
271.1;66.94;100.0
271.2;66.95;0.0
271.3;66.82;0.0
271.4;66.81;0.0
271.5;66.81;100.0
271.6;66.71;0.0
271.7;66.61;0.0
271.8;66.55;100.0
271.9;66.54;0.0
272.0;66.49;0.0
272.1;66.44;0.0
272.2;66.41;100.0
272.3;66.39;0.0
272.4;66.39;0.0
272.5;66.48;100.0
272.6;66.52;0.0
272.7;66.46;0.0
272.8;66.50;0.0
272.9;66.49;100.0
273.0;66.49;0.0
273.1;66.46;0.0
273.2;66.42;100.0
273.3;66.44;0.0
273.4;66.43;0.0
273.5;66.54;0.0
273.6;66.58;100.0
273.7;66.65;0.0
273.8;66.67;0.0
273.9;66.77;100.0
274.0;66.80;0.0
274.1;66.66;0.0
274.2;66.61;0.0
274.3;66.55;100.0
274.4;66.45;0.0
274.5;66.30;0.0
274.6;66.21;100.0
274.7;66.20;0.0
274.8;66.09;0.0
274.9;65.95;0.0
275.0;65.94;100.0
275.1;66.05;0.0
275.2;65.97;0.0
275.3;65.97;0.0
275.4;66.05;100.0
275.5;66.06;0.0
275.6;66.07;0.0
275.7;66.06;100.0
275.8;66.02;0.0
275.9;66.04;0.0
276.0;66.01;0.0
276.1;66.04;100.0
276.2;66.04;0.0
276.3;66.17;0.0
276.4;66.28;100.0
276.5;66.35;0.0
276.6;66.31;0.0
276.7;66.36;0.0
276.8;66.40;100.0
276.9;66.33;0.0
277.0;66.35;0.0
277.1;66.34;100.0
277.2;66.34;0.0
277.3;66.28;0.0
277.4;66.19;0.0
277.5;66.22;100.0
277.6;66.14;0.0
277.7;66.11;0.0
277.8;66.05;100.0
277.9;66.08;0.0
278.0;66.03;0.0
278.1;66.01;0.0
278.2;66.05;100.0
278.3;66.08;0.0
278.4;66.09;0.0
278.5;66.06;100.0
278.6;66.08;0.0
278.7;66.15;0.0
278.8;66.16;0.0
278.9;66.12;100.0
279.0;66.11;0.0
279.1;66.20;0.0
279.2;66.37;100.0
279.3;66.43;0.0
279.4;66.41;0.0
279.5;66.45;0.0
279.6;66.51;100.0
279.7;66.49;0.0
279.8;66.48;0.0
279.9;66.47;100.0
280.0;66.58;0.0
280.1;66.59;0.0
280.2;66.52;0.0
280.3;66.48;100.0
280.4;66.35;0.0
280.5;66.18;0.0
280.6;66.08;100.0
280.7;65.98;0.0
280.8;65.89;0.0
280.9;65.94;0.0
281.0;66.04;100.0
281.1;65.97;0.0
281.2;65.93;0.0
281.3;65.91;0.0
281.4;65.98;100.0
281.5;66.09;0.0
281.6;65.90;0.0
281.7;65.85;100.0
281.8;65.89;0.0
281.9;65.90;0.0
282.0;66.05;0.0
282.1;66.05;100.0
282.2;66.12;0.0
282.3;66.10;0.0
282.4;66.20;100.0
282.5;66.17;0.0
282.6;65.93;0.0
282.7;65.74;0.0
282.8;65.79;100.0
282.9;65.81;0.0
283.0;65.66;0.0
283.1;65.56;100.0
283.2;65.51;0.0
283.3;65.40;0.0
283.4;65.32;100.0
283.5;65.31;0.0
283.6;65.42;0.0
283.7;65.48;0.0
283.8;65.53;100.0
283.9;65.69;0.0
284.0;65.67;0.0
284.1;65.63;100.0
284.2;65.71;0.0
284.3;65.74;0.0
284.4;65.71;0.0
284.5;65.74;100.0
284.6;65.84;0.0
284.7;65.87;0.0
284.8;65.86;100.0
284.9;65.88;0.0
285.0;66.14;0.0
285.1;66.22;0.0
285.2;66.16;100.0
285.3;66.16;0.0
285.4;66.09;0.0
285.5;66.01;0.0
285.6;65.95;100.0
285.7;65.98;0.0
285.8;65.93;0.0
285.9;65.91;100.0
286.0;65.91;0.0
286.1;65.91;0.0
286.2;65.88;100.0
286.3;65.81;0.0
286.4;65.82;0.0
286.5;65.83;0.0
286.6;65.78;100.0
286.7;65.72;0.0
286.8;65.70;0.0
286.9;65.69;100.0
287.0;65.64;0.0
287.1;65.64;0.0
287.2;65.65;0.0
287.3;65.57;100.0
287.4;65.58;0.0
287.5;65.67;0.0
287.6;65.72;100.0
287.7;65.65;0.0
287.8;65.65;0.0
287.9;65.77;100.0
288.0;65.69;0.0
288.1;65.64;0.0
288.2;65.69;0.0
288.3;65.69;100.0
288.4;65.59;0.0
288.5;65.55;0.0
288.6;65.95;100.0
288.7;66.34;0.0
288.8;66.21;0.0
288.9;66.12;0.0
289.0;66.09;100.0
289.1;66.14;0.0
289.2;66.13;0.0
289.3;65.97;100.0
289.4;65.93;0.0
289.5;65.65;0.0
289.6;65.62;0.0
289.7;65.65;100.0
289.8;65.58;0.0
289.9;65.63;0.0
290.0;65.46;0.0
290.1;65.43;0.0
290.2;65.41;100.0
290.3;65.42;0.0
290.4;65.43;0.0
290.5;65.44;0.0
290.6;65.44;100.0
290.7;65.45;0.0
290.8;65.43;0.0
290.9;65.40;100.0
291.0;65.38;0.0
291.1;65.37;0.0
291.2;65.36;0.0
291.3;65.33;100.0
291.4;65.32;0.0
291.5;65.31;0.0
291.6;65.30;0.0
291.7;65.26;0.0
291.8;65.24;0.0
291.9;65.20;0.0
292.0;24.51;0.0
292.1;64.55;0.0
292.2;64.33;0.0
292.3;64.53;0.0
292.4;24.51;0.0
292.5;24.51;0.0
292.6;24.51;100.0
292.7;64.63;0.0
292.8;24.51;0.0
292.9;24.51;0.0
293.0;24.51;0.0
293.1;24.51;0.0
293.2;24.51;0.0
293.3;24.51;0.0
293.4;24.51;0.0
293.5;24.51;0.0
293.6;24.51;0.0
293.7;24.51;0.0
293.8;24.51;0.0
293.9;24.51;0.0
294.0;24.51;0.0
294.1;24.51;100.0
294.2;24.51;0.0
294.3;24.51;0.0
294.4;24.51;0.0
294.5;24.51;0.0
294.6;24.51;0.0
294.7;24.51;0.0
294.8;24.51;0.0
294.9;24.51;0.0
295.0;24.51;0.0
295.1;24.51;0.0
295.2;24.51;0.0
295.3;24.51;0.0
295.4;24.51;0.0
295.5;24.51;0.0
295.6;24.51;100.0
295.7;24.51;0.0
295.8;24.51;0.0
295.9;24.51;100.0
296.0;24.51;0.0
296.1;24.51;0.0
296.2;24.51;0.0
296.3;24.51;100.0
296.4;24.51;0.0
296.5;24.51;0.0
296.6;24.51;0.0
296.7;24.51;100.0
296.8;24.51;0.0
296.9;24.51;0.0
297.0;24.51;0.0
297.1;24.51;100.0
297.2;24.51;0.0
297.3;24.51;0.0
297.4;24.51;0.0
297.5;24.51;100.0
297.6;24.51;0.0
297.7;24.51;0.0
297.8;24.51;0.0
297.9;24.51;100.0
298.0;24.51;0.0
298.1;24.51;0.0
298.2;24.51;100.0
298.3;24.51;0.0
298.4;24.51;0.0
298.5;24.51;0.0
298.6;24.51;100.0
298.7;24.51;0.0
298.8;24.51;0.0
298.9;24.51;0.0
299.0;24.51;0.0
299.1;24.51;100.0